osm_id,matrix_index
512034,0
20978320,1
20978627,2
21648952,3
21649767,4
21672897,5
21672943,6
21672958,7
21673584,8
21673613,9
21686313,10
21686358,11
21686411,12
21686456,13
21686467,14
21686469,15
21686472,16
21686475,17
21686479,18
21686487,19
21686490,20
21686503,21
21686509,22
21686515,23
21686610,24
21686908,25
21686909,26
21686911,27
21732936,28
21733267,29
21733269,30
21733328,31
21733332,32
21818096,33
24306323,34
24306344,35
24311258,36
24311614,37
24311697,38
24311744,39
24311944,40
24555481,41
24555547,42
24555573,43
24958163,44
24958167,45
24958183,46
24958187,47
24958194,48
24958197,49
24958203,50
24958205,51
24958206,52
24958208,53
24958210,54
24958212,55
24958221,56
24958224,57
25031031,58
25031035,59
25031043,60
25031048,61
25100837,62
25100845,63
25100858,64
25103088,65
25103117,66
25105821,67
25283580,68
25283582,69
25283809,70
25284066,71
25422067,72
25422068,73
25422070,74
25422071,75
25422074,76
25422075,77
25422076,78
25422081,79
25553088,80
25928712,81
26421538,82
26745775,83
26745785,84
26745836,85
26745917,86
26754383,87
26754384,88
26754386,89
26768322,90
26819800,91
26819851,92
26819892,93
26819953,94
26915335,95
26915336,96
26915341,97
26915362,98
26915456,99
26936902,100
26936904,101
26936931,102
26936932,103
26936933,104
26936934,105
26936936,106
26936937,107
26936938,108
26936940,109
26936946,110
26936967,111
26936968,112
26936969,113
26936970,114
26936971,115
26936973,116
26938716,117
26938717,118
26938718,119
26938719,120
26938721,121
27088458,122
27088461,123
27088471,124
27088479,125
27088480,126
27088481,127
27088482,128
27194895,129
27194900,130
27194902,131
27194904,132
27194905,133
27194916,134
27194921,135
27194922,136
27194923,137
27194925,138
27194927,139
27194932,140
27194940,141
27194941,142
27194943,143
27194947,144
27194958,145
27194959,146
27194960,147
27194961,148
27194964,149
27194965,150
27194968,151
27194969,152
27194987,153
27194989,154
27212962,155
27212980,156
27213121,157
27428361,158
27428375,159
27538087,160
27538116,161
27538138,162
27749563,163
27787754,164
30222167,165
30298853,166
30324356,167
30347275,168
30560619,169
30560625,170
30560656,171
30560684,172
30560694,173
30560713,174
30560744,175
30560805,176
30561270,177
30561271,178
30561292,179
30561536,180
30561549,181
30561550,182
30561569,183
30561596,184
30561892,185
31380987,186
31380988,187
32177021,188
34822542,189
35803425,190
36133847,191
36133848,192
36134740,193
36301133,194
36301150,195
36306169,196
40131385,197
40131527,198
40131542,199
40131563,200
40131578,201
40131591,202
43457501,203
43457519,204
43457527,205
43457538,206
43457547,207
43457551,208
49488930,209
59667746,210
59667751,211
59667752,212
59784000,213
59784002,214
59784005,215
59784008,216
60312494,217
60312496,218
60335057,219
61131178,220
61138982,221
61138985,222
63800740,223
63800758,224
63800763,225
63800771,226
63800795,227
63800808,228
63800856,229
63800864,230
63800870,231
75958527,232
75961572,233
75978131,234
75980142,235
75980143,236
75980145,237
76463495,238
76863293,239
76916619,240
76925728,241
76986155,242
76986157,243
77862756,244
77862757,245
77862759,246
79875692,247
79877106,248
79880808,249
79885702,250
79885703,251
82020818,252
82020842,253
82653670,254
82653671,255
86675601,256
88225816,257
89131370,258
89131371,259
90467965,260
92898374,261
92898381,262
92898387,263
92898394,264
92898401,265
92898411,266
92898422,267
92898430,268
92898466,269
92898502,270
92898511,271
92898526,272
92898530,273
92898533,274
95103434,275
95882451,276
95897305,277
95897308,278
95897320,279
95897334,280
95897413,281
95897442,282
96656889,283
110412460,284
110412464,285
110412468,286
110664285,287
110842568,288
110843846,289
110909094,290
110909126,291
113991681,292
113991691,293
113991694,294
113991701,295
113991712,296
113991732,297
113991755,298
113991840,299
113991861,300
113991878,301
113991882,302
121996660,303
121996670,304
121996676,305
124604027,306
124604028,307
124604030,308
133215073,309
135633975,310
135634011,311
135634183,312
135634474,313
135634630,314
135634714,315
135634728,316
135635081,317
135635101,318
135635113,319
135635591,320
135635604,321
135635657,322
135635676,323
135635697,324
142350519,325
142350530,326
144122387,327
144213130,328
146013842,329
147133853,330
147134197,331
148494422,332
148503857,333
148503863,334
148503869,335
148947703,336
148992531,337
149432656,338
149432662,339
150477801,340
151031048,341
151031065,342
154745458,343
154772221,344
155029984,345
155044453,346
155049576,347
155051703,348
155308613,349
155309559,350
155615883,351
155617286,352
156455782,353
156455789,354
156466806,355
157013650,356
162629306,357
162629315,358
162779543,359
169652096,360
180558950,361
180937439,362
180937440,363
180937441,364
180939920,365
180960126,366
180960135,367
188476591,368
188476598,369
188476603,370
188679667,371
188680237,372
188690952,373
192294937,374
192294951,375
192294956,376
192294965,377
192294968,378
192744790,379
192964386,380
192984037,381
194725795,382
194731834,383
194733760,384
194734258,385
197860504,386
199043834,387
199043839,388
201161615,389
201161625,390
201161637,391
201161691,392
201161696,393
201161704,394
201161711,395
228567415,396
228608773,397
236082251,398
236091974,399
236092510,400
236103524,401
236107395,402
236109551,403
237188735,404
237189209,405
237198901,406
240179765,407
242921575,408
242921712,409
242921785,410
242921943,411
242922019,412
242922020,413
242922704,414
242922993,415
242923000,416
245457945,417
245457948,418
247123233,419
247123241,420
247897267,421
248539899,422
248539900,423
248539902,424
248539903,425
248539904,426
248539905,427
248539906,428
248539911,429
248539912,430
248780644,431
248780653,432
248781409,433
248781410,434
248781411,435
248781744,436
248782307,437
248782308,438
248782310,439
248782313,440
248782314,441
248782316,442
248782319,443
248782320,444
248782321,445
248783355,446
248783357,447
248783753,448
249247096,449
249805892,450
249805893,451
249805896,452
249805897,453
249805900,454
249805907,455
249805910,456
249805911,457
249805913,458
249820010,459
249820013,460
250068870,461
251707129,462
251716145,463
251716286,464
251716287,465
251718276,466
251753077,467
252638884,468
252638885,469
253877610,470
253877726,471
253877730,472
253877953,473
255196631,474
255196633,475
256838187,476
256838191,477
258642479,478
258642495,479
258642499,480
258642643,481
258642683,482
258642685,483
258642687,484
258642691,485
258642701,486
258642903,487
258642914,488
258642916,489
258642921,490
258642923,491
258643046,492
258643160,493
258643162,494
261599377,495
261599386,496
261599387,497
261599396,498
261617372,499
261617374,500
261617375,501
262154414,502
262275530,503
262288049,504
262288052,505
262463290,506
262463299,507
262463812,508
262463815,509
262464369,510
262464388,511
262465873,512
262465972,513
262466249,514
262466250,515
262466340,516
262466456,517
264491209,518
264499626,519
264499627,520
264499631,521
264857434,522
264858187,523
264858194,524
265520208,525
265588009,526
265624416,527
265624421,528
265624426,529
265624428,530
265873117,531
265873121,532
266023904,533
266024166,534
266024329,535
266024340,536
266024344,537
266024345,538
266024346,539
266024347,540
266024348,541
266024349,542
266024358,543
266024575,544
266024667,545
266024668,546
266024669,547
266024983,548
266186964,549
266187443,550
266187449,551
266187471,552
266190132,553
266298359,554
266298376,555
266298378,556
266633264,557
266633267,558
266633273,559
266633274,560
266633276,561
266745694,562
266746608,563
266746611,564
266746642,565
266746680,566
266746681,567
266747400,568
266747461,569
266747470,570
266747471,571
266747657,572
266747857,573
266756532,574
266757864,575
266759298,576
266759313,577
266759315,578
266759317,579
266759534,580
266760118,581
266760151,582
266760907,583
266921401,584
266921416,585
266921504,586
266921707,587
266921920,588
266921977,589
266923145,590
266924379,591
266924544,592
266924545,593
266924550,594
266924767,595
266924986,596
266924991,597
266925274,598
266925279,599
266925947,600
266925953,601
266925966,602
266926100,603
266926988,604
266927021,605
266927024,606
266927025,607
266927028,608
266977403,609
266982624,610
267166718,611
267167368,612
267198035,613
267198037,614
267367348,615
267367349,616
267368171,617
267368672,618
267368674,619
267368676,620
267368677,621
267368680,622
267368682,623
267368684,624
267368874,625
267369074,626
267369077,627
267397932,628
267408133,629
267422296,630
267422298,631
267965986,632
267966018,633
267966020,634
267966037,635
267966322,636
267966330,637
267966336,638
267966340,639
267966343,640
267966383,641
268322176,642
268322193,643
268322196,644
268322248,645
268322280,646
269480808,647
269646284,648
269646338,649
269646577,650
269646609,651
270747007,652
270747009,653
270747015,654
270747021,655
271097283,656
271097287,657
271097292,658
275795760,659
278516965,660
278558217,661
278561124,662
278711944,663
279011771,664
280267361,665
280267372,666
280710434,667
280757006,668
280758129,669
280760873,670
280833594,671
280834004,672
280915162,673
281158316,674
281163310,675
281168685,676
281169674,677
281170046,678
281170047,679
281170048,680
281170424,681
281170696,682
281170879,683
281171145,684
281171370,685
281528450,686
281532944,687
281532945,688
281763676,689
281763966,690
281764423,691
281764669,692
281765232,693
281765235,694
281765237,695
281765239,696
281766288,697
281987403,698
281988327,699
281988329,700
282074724,701
282264580,702
282418121,703
282418122,704
282419254,705
282419265,706
283033834,707
283290412,708
283536797,709
283537475,710
283537636,711
283626037,712
283626067,713
285213440,714
285762803,715
286560470,716
287838585,717
287838591,718
287862871,719
288101490,720
288101507,721
288101508,722
288101514,723
288158196,724
288158199,725
288901851,726
288901853,727
288901861,728
288909235,729
288999757,730
289001152,731
289328488,732
289328489,733
289329280,734
290518527,735
291051715,736
291742708,737
291742709,738
291742710,739
297597825,740
297597830,741
297597831,742
297597911,743
297597990,744
297598008,745
297598010,746
297598033,747
297598034,748
297598035,749
297700955,750
297701063,751
297701066,752
297701067,753
297701069,754
297701074,755
297701075,756
297701095,757
297701285,758
297885320,759
297886873,760
298375763,761
298389030,762
299011556,763
299011597,764
299013563,765
299013570,766
299014400,767
299014405,768
299018681,769
299020042,770
299022320,771
299022327,772
299022333,773
299022360,774
299049942,775
299049984,776
299049999,777
299050360,778
299050362,779
299214663,780
299214674,781
299214698,782
299214700,783
299214714,784
299214752,785
299216241,786
299217483,787
299217484,788
299218322,789
299228980,790
299229271,791
299280318,792
299280323,793
299280333,794
299309952,795
299312682,796
299312685,797
299453836,798
299487288,799
299488664,800
299488710,801
299830381,802
300120061,803
300120066,804
300700833,805
300700834,806
300700844,807
301142366,808
301224375,809
301224616,810
303189189,811
304159129,812
304602258,813
304729587,814
304731237,815
304933516,816
304944526,817
304944528,818
304944535,819
304944537,820
304944546,821
304944547,822
304944550,823
304950868,824
304994296,825
305707074,826
305789434,827
305970298,828
305986792,829
306472239,830
306474426,831
306474625,832
306475438,833
306478091,834
307350292,835
307350302,836
309122327,837
309122330,838
309429151,839
309442032,840
309442036,841
309442037,842
309442038,843
309737379,844
309926696,845
309926792,846
309926802,847
310110668,848
310204228,849
310204368,850
310204498,851
310204501,852
310204963,853
310205128,854
310205460,855
310205461,856
310205462,857
310205463,858
310205464,859
310206181,860
310206377,861
310206379,862
310206405,863
310399254,864
310399259,865
310399285,866
310399395,867
310399953,868
310399959,869
310400393,870
310400491,871
310400605,872
310401767,873
310403239,874
310403809,875
310404367,876
310405548,877
310405559,878
310405637,879
311321219,880
311321220,881
311333055,882
311333727,883
311334119,884
311334207,885
311335525,886
313827118,887
314854782,888
314933652,889
314933653,890
314933658,891
314933661,892
314973987,893
314974008,894
314974013,895
314974014,896
314974015,897
314974058,898
314974078,899
315829635,900
315829637,901
315829644,902
315829657,903
315829665,904
315829670,905
315829674,906
315829681,907
315829692,908
315829700,909
315829704,910
315829715,911
315834381,912
315834399,913
315834401,914
315834404,915
316059268,916
316059272,917
316102803,918
316921382,919
316921408,920
317967968,921
318112566,922
319714086,923
321376637,924
322724128,925
322724129,926
322724134,927
322724138,928
322724145,929
322724146,930
322725087,931
322725090,932
322726027,933
325218132,934
325218141,935
327514185,936
332070576,937
332070580,938
335990441,939
338590007,940
343566863,941
343567191,942
343567216,943
343567760,944
343763169,945
343763217,946
343763222,947
344738125,948
346342986,949
347496507,950
347497653,951
347497661,952
347497662,953
354540162,954
354540166,955
354543177,956
354578668,957
354578674,958
354578677,959
354579727,960
360636941,961
361118924,962
365765765,963
366539767,964
366539769,965
366539770,966
366539772,967
366548831,968
366548842,969
366548866,970
366863046,971
366864849,972
366864851,973
366869248,974
366869258,975
366869270,976
366869272,977
366869277,978
366869508,979
366869523,980
366875187,981
366875193,982
366875219,983
366875220,984
366970609,985
367010508,986
367010510,987
367010512,988
367012394,989
371812722,990
375908039,991
376078447,992
376624411,993
378367095,994
378368590,995
378368633,996
378368637,997
378368822,998
378368835,999
378368878,1000
378369570,1001
378372192,1002
382656460,1003
385667914,1004
392643128,1005
392810469,1006
392889198,1007
393849213,1008
402626578,1009
402626597,1010
402738693,1011
402982701,1012
402982724,1013
403871915,1014
403872095,1015
406212786,1016
406253115,1017
406253882,1018
406254680,1019
409495862,1020
409496322,1021
409783249,1022
409798297,1023
409798303,1024
409798304,1025
409798308,1026
409798311,1027
409798315,1028
409798317,1029
410615994,1030
411034871,1031
411034872,1032
411034880,1033
411759721,1034
412123597,1035
412123598,1036
412123601,1037
412123611,1038
412123612,1039
412123619,1040
412123623,1041
412240634,1042
413010368,1043
416352918,1044
416352919,1045
416571023,1046
416571027,1047
416571028,1048
418244037,1049
418875240,1050
419622507,1051
420235548,1052
420265558,1053
420268870,1054
420276678,1055
420340784,1056
423084826,1057
423084909,1058
423084912,1059
425345533,1060
425345549,1061
425345553,1062
427688019,1063
427688022,1064
429958255,1065
429958256,1066
440814853,1067
440814861,1068
441311622,1069
441809422,1070
441841350,1071
441869534,1072
441869546,1073
441869553,1074
442579174,1075
443825608,1076
443825609,1077
443825616,1078
443825618,1079
448897358,1080
454248898,1081
454248902,1082
455496195,1083
455575573,1084
455575575,1085
456301400,1086
456301401,1087
456301403,1088
457005266,1089
457118358,1090
457411728,1091
457623370,1092
457623372,1093
458504316,1094
458504319,1095
458504326,1096
458504348,1097
458504349,1098
458504395,1099
458504421,1100
458506181,1101
458506249,1102
458506270,1103
459832290,1104
459832297,1105
459832298,1106
459832336,1107
459836658,1108
462269817,1109
463174136,1110
463174221,1111
464666745,1112
464666751,1113
464666874,1114
469184309,1115
469184324,1116
469184325,1117
469184327,1118
469184332,1119
469184355,1120
470415942,1121
470628003,1122
470650797,1123
470650808,1124
470650817,1125
471131318,1126
473405521,1127
474658337,1128
474658341,1129
474658342,1130
474658348,1131
475100300,1132
475323930,1133
475323931,1134
475323936,1135
475323939,1136
475323942,1137
475334383,1138
475334394,1139
475334397,1140
475334401,1141
475334408,1142
475364610,1143
475365845,1144
476021000,1145
477983054,1146
478080830,1147
479287845,1148
486287364,1149
486287367,1150
486287388,1151
487104247,1152
489629848,1153
489629853,1154
491615999,1155
491616022,1156
491616026,1157
491616033,1158
491616098,1159
491619578,1160
493852947,1161
493852948,1162
493852949,1163
493852950,1164
493852951,1165
494508045,1166
496382987,1167
496510474,1168
497224171,1169
498481977,1170
500880949,1171
502884628,1172
502884632,1173
502884638,1174
504583305,1175
513583589,1176
516720508,1177
517236964,1178
517829677,1179
517830049,1180
517843360,1181
517844973,1182
517848636,1183
517973626,1184
518024950,1185
518028537,1186
519268667,1187
519268671,1188
519268677,1189
519268681,1190
520624049,1191
523634431,1192
527916703,1193
527916712,1194
527924700,1195
527941169,1196
527941177,1197
527941183,1198
527941190,1199
527941195,1200
529049478,1201
529050953,1202
529053256,1203
529059106,1204
529069931,1205
529069939,1206
529069942,1207
529069943,1208
529069947,1209
529069949,1210
529069953,1211
529069955,1212
529073836,1213
529073837,1214
529073838,1215
529073841,1216
529078124,1217
529078133,1218
529078135,1219
529079120,1220
529084661,1221
529537196,1222
530191806,1223
533749583,1224
533749588,1225
534696598,1226
535484308,1227
535484311,1228
535490960,1229
535490962,1230
535490963,1231
535512505,1232
535539942,1233
535552658,1234
535560147,1235
535605581,1236
540219100,1237
540943220,1238
552933786,1239
552933787,1240
552933791,1241
552933794,1242
552933806,1243
552933808,1244
552933809,1245
552933856,1246
553037626,1247
553037642,1248
554985148,1249
555009116,1250
558065079,1251
558065081,1252
559946296,1253
559946306,1254
559946308,1255
559946355,1256
559946393,1257
559946397,1258
560371983,1259
560396571,1260
560396572,1261
560396573,1262
560428984,1263
560428986,1264
560429015,1265
560429017,1266
560432877,1267
560442808,1268
560442809,1269
560738086,1270
560829531,1271
560883289,1272
560886411,1273
560886413,1274
561217012,1275
562742184,1276
563864734,1277
564778803,1278
597424899,1279
597434110,1280
597434116,1281
599238784,1282
599909711,1283
599909712,1284
602084660,1285
602084665,1286
603131154,1287
603131616,1288
603131703,1289
603134615,1290
603138574,1291
603138613,1292
603138704,1293
603140003,1294
603158278,1295
603158306,1296
603244712,1297
603244858,1298
606515516,1299
606515522,1300
606515544,1301
606515564,1302
611035138,1303
611394274,1304
613102957,1305
613107874,1306
613107939,1307
613371427,1308
613615266,1309
613615267,1310
614395552,1311
614396006,1312
614396263,1313
614396333,1314
614404446,1315
615307880,1316
615307884,1317
615307934,1318
615308166,1319
615308225,1320
615308410,1321
615308530,1322
615308574,1323
615313997,1324
615314069,1325
615314178,1326
615314780,1327
615864662,1328
615864835,1329
615866231,1330
615869740,1331
617151472,1332
617151473,1333
619326154,1334
619327788,1335
627869619,1336
627869648,1337
627901316,1338
627901318,1339
627901324,1340
627929036,1341
627929037,1342
629024627,1343
629025594,1344
629025596,1345
629027000,1346
635038000,1347
638938954,1348
638940657,1349
638940686,1350
638940697,1351
638941652,1352
638941653,1353
638941654,1354
638941659,1355
638941663,1356
648239849,1357
649192553,1358
649193403,1359
649193639,1360
649193915,1361
650837726,1362
650838239,1363
655349514,1364
655349952,1365
661279820,1366
662264000,1367
665748746,1368
669952050,1369
673789928,1370
673789931,1371
673789948,1372
673789949,1373
673789955,1374
673790011,1375
673790018,1376
673790034,1377
673790036,1378
674111378,1379
676979534,1380
676979541,1381
677008598,1382
677008604,1383
679232890,1384
679232991,1385
679233160,1386
679233183,1387
679233270,1388
679233425,1389
679233833,1390
681672341,1391
691454512,1392
691454525,1393
691477501,1394
691477503,1395
691477504,1396
691477505,1397
705047176,1398
705056564,1399
705056571,1400
717649815,1401
738112509,1402
748155096,1403
748155286,1404
749567799,1405
766746544,1406
766746548,1407
766746550,1408
768880789,1409
768880877,1410
768885854,1411
768894388,1412
768904278,1413
771656115,1414
773452531,1415
773452532,1416
783669183,1417
795905085,1418
798729281,1419
807732927,1420
813825193,1421
813825209,1422
823456541,1423
823457206,1424
823479012,1425
833872819,1426
833876223,1427
833877513,1428
833877515,1429
833877516,1430
833878729,1431
833878823,1432
833881887,1433
833920053,1434
833921518,1435
833926502,1436
833927348,1437
833928083,1438
833930681,1439
833938206,1440
834022925,1441
835103693,1442
840917640,1443
861602215,1444
861602217,1445
869329044,1446
869330245,1447
883463107,1448
883463111,1449
883463117,1450
886549353,1451
886549375,1452
886747515,1453
892877965,1454
893087192,1455
893513267,1456
915292947,1457
915652126,1458
915652146,1459
921135046,1460
921135048,1461
921135049,1462
921135052,1463
921135055,1464
921135057,1465
921135973,1466
921135976,1467
921135977,1468
921135984,1469
921135987,1470
921140135,1471
921140143,1472
921217110,1473
921217113,1474
921217114,1475
921275053,1476
921275054,1477
921275058,1478
921275069,1479
921275070,1480
921275071,1481
921404234,1482
921404246,1483
921404250,1484
921404252,1485
921404255,1486
921404277,1487
921404278,1488
921404292,1489
921410463,1490
921410483,1491
921410492,1492
922305082,1493
922509744,1494
922509748,1495
922509769,1496
922509770,1497
922509772,1498
922509775,1499
922509812,1500
924001988,1501
924001997,1502
930371282,1503
930371630,1504
940206741,1505
951387437,1506
956123294,1507
958280172,1508
958280174,1509
958280181,1510
958280214,1511
978747677,1512
988747972,1513
989001321,1514
989001340,1515
989001347,1516
989001350,1517
989001412,1518
989001431,1519
998129371,1520
998763919,1521
998763930,1522
998763935,1523
998764010,1524
998764123,1525
998764180,1526
998764286,1527
998764334,1528
998764500,1529
999909062,1530
1005442828,1531
1005444478,1532
1016459288,1533
1016459422,1534
1016486529,1535
1016498174,1536
1019984285,1537
1019984288,1538
1019984321,1539
1019984405,1540
1025583283,1541
1050670682,1542
1057391097,1543
1057391103,1544
1057459061,1545
1065988624,1546
1066060966,1547
1068393407,1548
1068953392,1549
1068953401,1550
1080163751,1551
1080163871,1552
1080729587,1553
1089254038,1554
1098478174,1555
1098540586,1556
1098540820,1557
1109568394,1558
1109568409,1559
1109568414,1560
1109568428,1561
1109628968,1562
1113317367,1563
1113317439,1564
1113317774,1565
1113317867,1566
1113318049,1567
1113318243,1568
1113318338,1569
1113318613,1570
1113318666,1571
1113527447,1572
1119233709,1573
1119233838,1574
1119233913,1575
1119234127,1576
1119280168,1577
1119280171,1578
1120310798,1579
1120310802,1580
1120374686,1581
1126992274,1582
1126992310,1583
1126992382,1584
1126992385,1585
1126992392,1586
1157597513,1587
1157597517,1588
1157597546,1589
1157597549,1590
1157600517,1591
1158063654,1592
1158063658,1593
1159174886,1594
1159194869,1595
1159194870,1596
1159194871,1597
1159230514,1598
1159230526,1599
1159687865,1600
1159782814,1601
1160106169,1602
1160106170,1603
1160106172,1604
1160106174,1605
1160106178,1606
1160106182,1607
1160106185,1608
1160106194,1609
1160106196,1610
1160134615,1611
1160190416,1612
1160190419,1613
1160316658,1614
1161138302,1615
1161197906,1616
1161197938,1617
1161197972,1618
1161197983,1619
1162354136,1620
1164416884,1621
1164606266,1622
1164929210,1623
1165054867,1624
1165054878,1625
1165054879,1626
1165166679,1627
1165166703,1628
1165182004,1629
1165361104,1630
1165361127,1631
1165361230,1632
1165361290,1633
1166179028,1634
1166179029,1635
1167413598,1636
1167512173,1637
1167512180,1638
1168824302,1639
1168862788,1640
1168862791,1641
1169044745,1642
1169044906,1643
1169044930,1644
1169045009,1645
1169045033,1646
1169752982,1647
1169752987,1648
1170486732,1649
1170486734,1650
1170486736,1651
1170486763,1652
1170520458,1653
1170520462,1654
1170520483,1655
1170520489,1656
1170520502,1657
1171361616,1658
1171593322,1659
1171593323,1660
1171593326,1661
1171635512,1662
1171635527,1663
1171649905,1664
1172925593,1665
1172925594,1666
1172925602,1667
1172925611,1668
1173649227,1669
1173649234,1670
1173649266,1671
1173664189,1672
1176179538,1673
1176328665,1674
1176400818,1675
1176400828,1676
1176400829,1677
1177957103,1678
1177957113,1679
1178080259,1680
1178517192,1681
1178553904,1682
1178604836,1683
1178604844,1684
1178604845,1685
1178604848,1686
1178604850,1687
1178604860,1688
1178604861,1689
1178604864,1690
1178604869,1691
1178604870,1692
1178604876,1693
1178604890,1694
1178957366,1695
1178957374,1696
1178957380,1697
1179410141,1698
1179448780,1699
1180516874,1700
1180819595,1701
1180819615,1702
1181466937,1703
1181467081,1704
1182459769,1705
1182459783,1706
1182679126,1707
1182679193,1708
1182679203,1709
1182679264,1710
1182696212,1711
1182696219,1712
1182696225,1713
1182861980,1714
1182861984,1715
1183258696,1716
1183258778,1717
1183258937,1718
1183431552,1719
1183612695,1720
1184106695,1721
1184158170,1722
1184158175,1723
1184158183,1724
1184158185,1725
1184158190,1726
1184158192,1727
1184158200,1728
1184158204,1729
1184158222,1730
1184158229,1731
1184158231,1732
1184171070,1733
1184202428,1734
1184202431,1735
1184202450,1736
1184202452,1737
1184448921,1738
1184448936,1739
1184512491,1740
1184512493,1741
1184512506,1742
1184515451,1743
1185818957,1744
1185897282,1745
1185897285,1746
1185917081,1747
1185917092,1748
1185952620,1749
1186505425,1750
1186749342,1751
1187978088,1752
1189479095,1753
1189479108,1754
1189537027,1755
1190015553,1756
1190791314,1757
1190829450,1758
1190829457,1759
1192379412,1760
1192379414,1761
1192379425,1762
1192379427,1763
1196611117,1764
1196619900,1765
1196619904,1766
1199377924,1767
1199799682,1768
1199832277,1769
1199948946,1770
1200013732,1771
1200013736,1772
1201497460,1773
1201885776,1774
1204024604,1775
1204043058,1776
1204052307,1777
1204180625,1778
1212003733,1779
1213826673,1780
1213828088,1781
1217742433,1782
1217742447,1783
1217742451,1784
1227881048,1785
1228967768,1786
1231698086,1787
1232219943,1788
1234372637,1789
1234372646,1790
1236949294,1791
1243300228,1792
1247437361,1793
1260794485,1794
1260794583,1795
1260794762,1796
1260794932,1797
1260813319,1798
1262068009,1799
1263374418,1800
1270706639,1801
1270706642,1802
1279191372,1803
1280728002,1804
1283057020,1805
1283078703,1806
1283078738,1807
1283078863,1808
1293894328,1809
1293894331,1810
1293894391,1811
1293894393,1812
1293894414,1813
1293894445,1814
1295300838,1815
1298546209,1816
1298546228,1817
1299570197,1818
1299570207,1819
1299583297,1820
1300500655,1821
1300500666,1822
1303475310,1823
1303815880,1824
1303896799,1825
1303998738,1826
1304042510,1827
1304042512,1828
1305025964,1829
1305026168,1830
1305026703,1831
1305330149,1832
1305906542,1833
1306688318,1834
1306716106,1835
1307013823,1836
1307913770,1837
1311514002,1838
1311535246,1839
1311630643,1840
1314499402,1841
1316106922,1842
1316107047,1843
1316107166,1844
1316287536,1845
1317464223,1846
1317464413,1847
1319319380,1848
1319643304,1849
1324554828,1850
1325569611,1851
1325816316,1852
1325847138,1853
1326665537,1854
1326673371,1855
1327106107,1856
1327107910,1857
1328904750,1858
1329004279,1859
1329633503,1860
1329633505,1861
1331960358,1862
1336851235,1863
1337473777,1864
1337473781,1865
1342607615,1866
1343790427,1867
1347641680,1868
1348295977,1869
1348295980,1870
1348295983,1871
1348295985,1872
1348295989,1873
1348296000,1874
1348296003,1875
1348296005,1876
1348697593,1877
1349531223,1878
1349538130,1879
1355469559,1880
1355493569,1881
1355500422,1882
1355500430,1883
1355500432,1884
1355500433,1885
1355500435,1886
1355500437,1887
1355500441,1888
1355500445,1889
1355500447,1890
1355500448,1891
1355500452,1892
1355500460,1893
1355505742,1894
1355505746,1895
1355508224,1896
1355511953,1897
1355608688,1898
1355614969,1899
1355644335,1900
1355644348,1901
1355644349,1902
1355645984,1903
1356117844,1904
1356152878,1905
1356152879,1906
1356170092,1907
1356406216,1908
1356421081,1909
1356425185,1910
1356427778,1911
1357394133,1912
1358922354,1913
1359858731,1914
1359858733,1915
1359858748,1916
1359858758,1917
1359889602,1918
1360642654,1919
1360804977,1920
1360957710,1921
1360966369,1922
1362190536,1923
1362193053,1924
1362784571,1925
1362784574,1926
1363047255,1927
1363047257,1928
1363047715,1929
1364109921,1930
1364262270,1931
1364686022,1932
1364699816,1933
1364699824,1934
1364707622,1935
1364836180,1936
1364836181,1937
1364947551,1938
1366143331,1939
1366143333,1940
1366143339,1941
1366143347,1942
1366149702,1943
1366340097,1944
1367372481,1945
1367376741,1946
1367383355,1947
1367384293,1948
1367388509,1949
1367388510,1950
1367388513,1951
1367388515,1952
1367511439,1953
1367511684,1954
1367514056,1955
1367514063,1956
1367515567,1957
1367515585,1958
1367517137,1959
1367517138,1960
1367517220,1961
1367517224,1962
1367517225,1963
1367517226,1964
1367517588,1965
1368741084,1966
1369416956,1967
1369442224,1968
1369442967,1969
1369444678,1970
1369445945,1971
1369445946,1972
1369460393,1973
1369462993,1974
1369463005,1975
1369478814,1976
1369481736,1977
1369481737,1978
1369481738,1979
1369512482,1980
1369512705,1981
1369512706,1982
1369513668,1983
1369521501,1984
1369521502,1985
1369521503,1986
1369525583,1987
1371911422,1988
1371911423,1989
1372831385,1990
1375039776,1991
1375039782,1992
1375039791,1993
1375043296,1994
1375043298,1995
1375294845,1996
1375306579,1997
1375306584,1998
1375313546,1999
1376258079,2000
1376263506,2001
1376265131,2002
1376273758,2003
1376287718,2004
1376291074,2005
1376295894,2006
1376307364,2007
1376307380,2008
1376307382,2009
1376358172,2010
1376358173,2011
1376359083,2012
1376369666,2013
1376499901,2014
1376501428,2015
1376501434,2016
1376519354,2017
1376519356,2018
1376523257,2019
1376523259,2020
1376583854,2021
1376589067,2022
1377397654,2023
1377397655,2024
1377397659,2025
1377397662,2026
1377405565,2027
1378555184,2028
1381917319,2029
1381917335,2030
1381920623,2031
1384898563,2032
1384962752,2033
1384962766,2034
1397341641,2035
1400031353,2036
1400934936,2037
1406977609,2038
1409626830,2039
1410606693,2040
1410606894,2041
1411864986,2042
1411864988,2043
1415448628,2044
1417743405,2045
1417764884,2046
1422697306,2047
1422722324,2048
1422722337,2049
1422722338,2050
1422743236,2051
1422759480,2052
1422781952,2053
1422781953,2054
1422784928,2055
1422784929,2056
1422789411,2057
1422791207,2058
1422799779,2059
1422824395,2060
1426235539,2061
1429166042,2062
1429172042,2063
1429433461,2064
1429814393,2065
1429814540,2066
1429821829,2067
1429821838,2068
1429902337,2069
1429902356,2070
1429902364,2071
1429902398,2072
1429902407,2073
1430420160,2074
1431243495,2075
1433733575,2076
1433733629,2077
1433733650,2078
1433867717,2079
1434504014,2080
1434504429,2081
1435312901,2082
1435313996,2083
1435313999,2084
1435317907,2085
1435446290,2086
1435457617,2087
1436203576,2088
1436203577,2089
1436519940,2090
1437437137,2091
1437437204,2092
1437437434,2093
1437437466,2094
1437441031,2095
1437441235,2096
1440811624,2097
1444744459,2098
1444796514,2099
1448719443,2100
1448732426,2101
1450516842,2102
1450516869,2103
1450517128,2104
1454317263,2105
1455504684,2106
1455504687,2107
1455519111,2108
1455520359,2109
1455520360,2110
1455526827,2111
1455526843,2112
1455526846,2113
1455526849,2114
1455526853,2115
1455531420,2116
1455531422,2117
1455531423,2118
1455539139,2119
1455541488,2120
1455541494,2121
1455541503,2122
1455549918,2123
1455549922,2124
1455549924,2125
1455552277,2126
1455555433,2127
1455557220,2128
1467450242,2129
1467450251,2130
1468301007,2131
1468329111,2132
1468329112,2133
1468330604,2134
1468331774,2135
1468332673,2136
1468333080,2137
1468810881,2138
1468810882,2139
1468810890,2140
1468810893,2141
1472399057,2142
1473384808,2143
1476376486,2144
1476376488,2145
1476376491,2146
1476376494,2147
1476376496,2148
1476376498,2149
1476376500,2150
1476376504,2151
1476376508,2152
1476376516,2153
1476382468,2154
1476382471,2155
1476382473,2156
1476382487,2157
1476393908,2158
1476400228,2159
1476408621,2160
1476422385,2161
1476428596,2162
1477522309,2163
1477537242,2164
1477603140,2165
1477728666,2166
1477734951,2167
1477754752,2168
1477754753,2169
1477759218,2170
1477759220,2171
1477760442,2172
1477766338,2173
1477770833,2174
1477770836,2175
1486099006,2176
1497651343,2177
1497651346,2178
1497651352,2179
1497651366,2180
1499674608,2181
1499678461,2182
1499678462,2183
1499971927,2184
1499978324,2185
1500613384,2186
1501003598,2187
1501005541,2188
1501005547,2189
1501005549,2190
1501005551,2191
1501006202,2192
1501006203,2193
1501018056,2194
1501030420,2195
1501030423,2196
1501036715,2197
1501036716,2198
1501036717,2199
1501036722,2200
1501036724,2201
1501041788,2202
1501041789,2203
1501041790,2204
1501062610,2205
1505749746,2206
1505749748,2207
1518141661,2208
1518152595,2209
1518152600,2210
1518152602,2211
1519901667,2212
1519901674,2213
1519901728,2214
1520199797,2215
1528307343,2216
1528307360,2217
1528376981,2218
1528376985,2219
1528376989,2220
1528376992,2221
1528379724,2222
1528385852,2223
1528385864,2224
1530773077,2225
1531035113,2226
1531035116,2227
1531035137,2228
1531035151,2229
1531035191,2230
1531035214,2231
1531035237,2232
1531035264,2233
1531035330,2234
1531035343,2235
1531035349,2236
1531035358,2237
1531035448,2238
1531035450,2239
1540145384,2240
1553027402,2241
1553027444,2242
1553027446,2243
1553027486,2244
1553027548,2245
1553027558,2246
1553027572,2247
1553027581,2248
1557049456,2249
1557084049,2250
1557737845,2251
1558184261,2252
1569110270,2253
1580948930,2254
1581100027,2255
1581130548,2256
1581169762,2257
1581177083,2258
1584145665,2259
1584145666,2260
1584145997,2261
1584145998,2262
1593749984,2263
1593749987,2264
1593755563,2265
1593755569,2266
1596026560,2267
1598671052,2268
1600064801,2269
1600130236,2270
1600134704,2271
1600180251,2272
1603229492,2273
1603312000,2274
1609090445,2275
1612220590,2276
1612226100,2277
1612226101,2278
1612226102,2279
1612259391,2280
1614660742,2281
1614660749,2282
1614660762,2283
1616719859,2284
1627926393,2285
1627926395,2286
1627929076,2287
1627960498,2288
1627960499,2289
1627967541,2290
1627999385,2291
1628359358,2292
1628359361,2293
1628400908,2294
1628406125,2295
1628406128,2296
1628411128,2297
1628551113,2298
1628551114,2299
1629450644,2300
1629450649,2301
1629450651,2302
1629450662,2303
1634455756,2304
1634480194,2305
1634480223,2306
1634480227,2307
1634539412,2308
1635803731,2309
1637195261,2310
1637257703,2311
1637262225,2312
1637262226,2313
1637262237,2314
1637307915,2315
1637578850,2316
1637578861,2317
1637578899,2318
1637618748,2319
1642148716,2320
1642199555,2321
1643932782,2322
1646288535,2323
1646300181,2324
1646670581,2325
1646670585,2326
1648659390,2327
1649302997,2328
1652003997,2329
1652004001,2330
1652004063,2331
1652054933,2332
1652132301,2333
1652132304,2334
1652132307,2335
1652132359,2336
1652142139,2337
1652195862,2338
1652533633,2339
1653382486,2340
1653382532,2341
1653473611,2342
1656889210,2343
1656927222,2344
1674070632,2345
1677760879,2346
1682154398,2347
1682197819,2348
1685427769,2349
1685459545,2350
1687149418,2351
1687152097,2352
1688137801,2353
1695776590,2354
1696622614,2355
1696714296,2356
1696774543,2357
1696774564,2358
1697326918,2359
1703206050,2360
1715306154,2361
1721667730,2362
1722387860,2363
1723142478,2364
1726229543,2365
1731077484,2366
1732858584,2367
1732865140,2368
1732879955,2369
1735137331,2370
1735153141,2371
1737617621,2372
1737617623,2373
1737617630,2374
1737617636,2375
1737617812,2376
1737617847,2377
1737617855,2378
1737617887,2379
1737617926,2380
1737617937,2381
1737622834,2382
1737622849,2383
1737622860,2384
1737622866,2385
1737622870,2386
1737622873,2387
1737622877,2388
1737622880,2389
1737631439,2390
1737655837,2391
1737683229,2392
1737683330,2393
1737711390,2394
1737711398,2395
1737711400,2396
1737711417,2397
1737711454,2398
1737711479,2399
1737711559,2400
1738585847,2401
1738586215,2402
1738586221,2403
1738604201,2404
1738604202,2405
1738604203,2406
1738604204,2407
1738604205,2408
1738604207,2409
1738604211,2410
1738604247,2411
1738604252,2412
1738604254,2413
1740838357,2414
1742645264,2415
1742657760,2416
1742755630,2417
1742822216,2418
1742822231,2419
1742822247,2420
1742822252,2421
1742822266,2422
1742822273,2423
1742822280,2424
1742822283,2425
1742822286,2426
1742822288,2427
1742822307,2428
1742822320,2429
1742839547,2430
1742872590,2431
1742872594,2432
1742872599,2433
1742872601,2434
1743822687,2435
1744716500,2436
1744730981,2437
1744731204,2438
1745827421,2439
1745972636,2440
1745972640,2441
1746022787,2442
1746022788,2443
1746023859,2444
1746029869,2445
1746046366,2446
1746046997,2447
1746046999,2448
1746047000,2449
1746052991,2450
1746054799,2451
1746096168,2452
1746096172,2453
1746096174,2454
1746096506,2455
1746096507,2456
1746106044,2457
1746106049,2458
1746106051,2459
1746131145,2460
1746293150,2461
1747178374,2462
1748964762,2463
1749060377,2464
1749428392,2465
1749443764,2466
1749473090,2467
1749574871,2468
1749780697,2469
1749780738,2470
1749780851,2471
1750293809,2472
1750780540,2473
1750780542,2474
1750780561,2475
1750793420,2476
1750842419,2477
1750842424,2478
1750846413,2479
1751118395,2480
1751118415,2481
1751118421,2482
1751118424,2483
1751118425,2484
1751118426,2485
1751119417,2486
1751119418,2487
1751121213,2488
1751126315,2489
1751126317,2490
1751126318,2491
1751172590,2492
1751172603,2493
1751181427,2494
1751181433,2495
1751187804,2496
1751189222,2497
1751558496,2498
1751558498,2499
1751558500,2500
1751558514,2501
1751558516,2502
1751558518,2503
1751600341,2504
1751600346,2505
1751600347,2506
1751600349,2507
1751600352,2508
1751600355,2509
1751600357,2510
1751648203,2511
1751648207,2512
1753024334,2513
1753024382,2514
1753024389,2515
1754245066,2516
1754530860,2517
1755034751,2518
1755206399,2519
1755206402,2520
1755206405,2521
1755239357,2522
1756280900,2523
1756280946,2524
1756290981,2525
1756299808,2526
1756301709,2527
1756301712,2528
1756534059,2529
1756534101,2530
1756725647,2531
1756725648,2532
1756947753,2533
1756960874,2534
1756960878,2535
1756960879,2536
1757008569,2537
1757008944,2538
1757059696,2539
1757085043,2540
1757085071,2541
1757085075,2542
1757085077,2543
1757085079,2544
1757102489,2545
1757437969,2546
1757437979,2547
1757441657,2548
1757441662,2549
1757455143,2550
1757455628,2551
1757455645,2552
1757468379,2553
1757468380,2554
1757469962,2555
1757469968,2556
1757529945,2557
1758134162,2558
1759430921,2559
1759637048,2560
1762337673,2561
1762364037,2562
1763671908,2563
1763674449,2564
1763674452,2565
1763674856,2566
1763718515,2567
1763718516,2568
1763718522,2569
1763718524,2570
1763718526,2571
1764662330,2572
1765396891,2573
1765404674,2574
1765409111,2575
1765431552,2576
1768056160,2577
1768110792,2578
1768122864,2579
1769873514,2580
1770826529,2581
1770826534,2582
1771675113,2583
1772349425,2584
1772349426,2585
1772602795,2586
1773396237,2587
1776354582,2588
1776354584,2589
1777366830,2590
1780103213,2591
1780104564,2592
1780440520,2593
1780538243,2594
1781497673,2595
1781740742,2596
1787850902,2597
1787850914,2598
1787857309,2599
1787903747,2600
1787905922,2601
1787907432,2602
1787908234,2603
1787908235,2604
1787908660,2605
1791270153,2606
1791363231,2607
1791452281,2608
1802594621,2609
1803270471,2610
1803270491,2611
1806866384,2612
1806886375,2613
1806886384,2614
1806886393,2615
1806886406,2616
1806886452,2617
1806886460,2618
1806956729,2619
1806956732,2620
1806956734,2621
1806956737,2622
1806961339,2623
1806966155,2624
1807018176,2625
1807024603,2626
1807024604,2627
1807025187,2628
1807048999,2629
1807049003,2630
1807049005,2631
1807049010,2632
1808551008,2633
1809855265,2634
1812126906,2635
1812126907,2636
1814315266,2637
1818741288,2638
1818832802,2639
1822522188,2640
1824766761,2641
1824776079,2642
1825167406,2643
1825168113,2644
1825169023,2645
1825169026,2646
1825169029,2647
1825169032,2648
1825219710,2649
1825219717,2650
1825221205,2651
1825221206,2652
1825221207,2653
1825221210,2654
1825221211,2655
1825247885,2656
1825252103,2657
1825255387,2658
1825258848,2659
1825259754,2660
1825259756,2661
1825260207,2662
1825260208,2663
1825260544,2664
1825261738,2665
1825262403,2666
1825262507,2667
1825263209,2668
1825708543,2669
1825708545,2670
1825724913,2671
1825724919,2672
1825727266,2673
1825739824,2674
1825739825,2675
1825783178,2676
1825783179,2677
1825783180,2678
1825783184,2679
1825783186,2680
1825783188,2681
1831969008,2682
1831969010,2683
1831969015,2684
1833150667,2685
1833443908,2686
1833443920,2687
1834049574,2688
1835794662,2689
1836601520,2690
1838798045,2691
1838798047,2692
1838987648,2693
1839174776,2694
1839174779,2695
1839178937,2696
1839178939,2697
1839182475,2698
1840654135,2699
1840658760,2700
1840663356,2701
1840696551,2702
1840696554,2703
1840908315,2704
1840968102,2705
1842035786,2706
1843181599,2707
1843181600,2708
1843191476,2709
1843217237,2710
1843992895,2711
1844416217,2712
1844416231,2713
1850257590,2714
1850370408,2715
1850371210,2716
1850464566,2717
1850464576,2718
1850464596,2719
1850464597,2720
1850471865,2721
1850514633,2722
1850553767,2723
1850553769,2724
1850734616,2725
1851307842,2726
1853452681,2727
1854703988,2728
1858228453,2729
1858228454,2730
1859500177,2731
1859530217,2732
1859531686,2733
1859532578,2734
1859536672,2735
1860572349,2736
1860636207,2737
1861214976,2738
1861259072,2739
1861263122,2740
1861293899,2741
1861295901,2742
1861315727,2743
1861365302,2744
1861367018,2745
1861367276,2746
1861373002,2747
1861381323,2748
1861381326,2749
1861381330,2750
1861385068,2751
1861386034,2752
1861410101,2753
1861410104,2754
1861494294,2755
1861497874,2756
1861707848,2757
1863431636,2758
1872390516,2759
1874818421,2760
1874818427,2761
1874844375,2762
1874844376,2763
1874844379,2764
1881210067,2765
1882657370,2766
1885382051,2767
1885391810,2768
1885648040,2769
1885648043,2770
1885648056,2771
1885649792,2772
1885649793,2773
1885653017,2774
1885653018,2775
1885653019,2776
1885653020,2777
1885653021,2778
1885653022,2779
1885653026,2780
1885689211,2781
1885689213,2782
1885691184,2783
1885932249,2784
1885973741,2785
1887394933,2786
1887394944,2787
1888654929,2788
1889361750,2789
1890744357,2790
1892895443,2791
1892895449,2792
1893097510,2793
1893107078,2794
1893108089,2795
1893115150,2796
1893805609,2797
1893805622,2798
1893823600,2799
1899750336,2800
1899750338,2801
1899750339,2802
1899750340,2803
1899750342,2804
1899750344,2805
1899750345,2806
1899750347,2807
1899750348,2808
1899750349,2809
1899750350,2810
1899750351,2811
1899750352,2812
1899750353,2813
1899750354,2814
1903158501,2815
1904318268,2816
1904793498,2817
1907387649,2818
1907387657,2819
1907387659,2820
1907387811,2821
1907387819,2822
1908048390,2823
1908095625,2824
1908099989,2825
1909864218,2826
1909864228,2827
1910266983,2828
1911101134,2829
1911126638,2830
1911126641,2831
1912025948,2832
1912025981,2833
1912026008,2834
1917471534,2835
1917549516,2836
1918397909,2837
1919066557,2838
1920711832,2839
1920711836,2840
1920843207,2841
1922324024,2842
1924123421,2843
1927740980,2844
1928067799,2845
1928081320,2846
1928517485,2847
1930804418,2848
1932530345,2849
1934160330,2850
1934160331,2851
1937831629,2852
1937837946,2853
1940677190,2854
1940677192,2855
1940702179,2856
1941157332,2857
1942628899,2858
1942634326,2859
1942637888,2860
1942637889,2861
1942637892,2862
1942637893,2863
1942637897,2864
1942637899,2865
1942637914,2866
1942637915,2867
1942637923,2868
1942689028,2869
1942689031,2870
1949766677,2871
1955036311,2872
1955202241,2873
1956172696,2874
1959017790,2875
1962329914,2876
1962435942,2877
1982590583,2878
1982590585,2879
1983393784,2880
1985793259,2881
1985796938,2882
1986209171,2883
1986237235,2884
1986480613,2885
1995749872,2886
1995778980,2887
2001600368,2888
2001600370,2889
2001600372,2890
2001603738,2891
2001603740,2892
2001607601,2893
2001617203,2894
2001617212,2895
2001617217,2896
2001617220,2897
2001629643,2898
2001629645,2899
2001629646,2900
2001633056,2901
2001633293,2902
2001634949,2903
2001649832,2904
2001649833,2905
2001649837,2906
2001650024,2907
2001650025,2908
2001656452,2909
2001675370,2910
2001678897,2911
2001697872,2912
2001698976,2913
2001708884,2914
2004844603,2915
2005190169,2916
2005355985,2917
2006280943,2918
2006360799,2919
2006649634,2920
2006684161,2921
2007959387,2922
2010625379,2923
2010655360,2924
2010655361,2925
2010689791,2926
2010766289,2927
2010766291,2928
2010826495,2929
2011028203,2930
2011028204,2931
2014268282,2932
2014268297,2933
2014268322,2934
2014268327,2935
2014274642,2936
2014274655,2937
2015823787,2938
2026240587,2939
2029643046,2940
2037344353,2941
2037349125,2942
2039090087,2943
2039130597,2944
2039130599,2945
2039130600,2946
2058270720,2947
2065498998,2948
2068656771,2949
2069643416,2950
2069643419,2951
2069705721,2952
2069717330,2953
2072565702,2954
2073159888,2955
2073159892,2956
2088752360,2957
2088752374,2958
2100659475,2959
2100659477,2960
2105919998,2961
2119707660,2962
2121049838,2963
2121108113,2964
2121119119,2965
2121135484,2966
2121135527,2967
2121136249,2968
2121137027,2969
2121139600,2970
2121139601,2971
2121143103,2972
2128228041,2973
2128228064,2974
2130377575,2975
2139737525,2976
2139737558,2977
2139737559,2978
2142578386,2979
2142578389,2980
2145258648,2981
2145258652,2982
2145258656,2983
2146440262,2984
2146689223,2985
2146722421,2986
2150730957,2987
2157263946,2988
2158649266,2989
2158649328,2990
2168173206,2991
2168794277,2992
2185592670,2993
2185592672,2994
2189935161,2995
2193788907,2996
2197329097,2997
2198628027,2998
2206675050,2999
2206975596,3000
2206993291,3001
2208160647,3002
2208160649,3003
2216959377,3004
2216965403,3005
2219074504,3006
2235009413,3007
2235509440,3008
2245212670,3009
2253354333,3010
2254935562,3011
2255097723,3012
2262023602,3013
2266604976,3014
2268457275,3015
2268457294,3016
2268522495,3017
2269187418,3018
2271167560,3019
2273442466,3020
2273623665,3021
2273623666,3022
2282822082,3023
2282830601,3024
2284234340,3025
2289090237,3026
2298679951,3027
2298688755,3028
2302357554,3029
2302357559,3030
2302357563,3031
2302420493,3032
2305559332,3033
2309886986,3034
2310042389,3035
2310343289,3036
2310705087,3037
2322561119,3038
2323707016,3039
2328262502,3040
2328262674,3041
2328262807,3042
2328262978,3043
2337280391,3044
2345207728,3045
2345207731,3046
2352718188,3047
2352718189,3048
2352718190,3049
2352719305,3050
2352719306,3051
2352719307,3052
2352719308,3053
2352719310,3054
2352719314,3055
2352719315,3056
2352719316,3057
2352768006,3058
2352800589,3059
2352800964,3060
2352800983,3061
2355016318,3062
2355016319,3063
2358571368,3064
2358571386,3065
2365709800,3066
2365709835,3067
2366151182,3068
2366151191,3069
2366164558,3070
2376258865,3071
2377062591,3072
2377062595,3073
2378606509,3074
2381892411,3075
2381892412,3076
2381892416,3077
2381892430,3078
2381892443,3079
2381892448,3080
2381892453,3081
2381892456,3082
2381892460,3083
2381892461,3084
2392103179,3085
2394471553,3086
2394471556,3087
2397577645,3088
2413768355,3089
2413772307,3090
2413782484,3091
2414225277,3092
2414235963,3093
2429428882,3094
2434547060,3095
2434560257,3096
2434573228,3097
2434573235,3098
2438950568,3099
2444300427,3100
2449535663,3101
2449704670,3102
2452200513,3103
2480948200,3104
2480948203,3105
2480948205,3106
2480948208,3107
2480948217,3108
2480948219,3109
2483910450,3110
2486718143,3111
2494727938,3112
2495438579,3113
2495438581,3114
2516451994,3115
2518375002,3116
2518375006,3117
2518375009,3118
2518375010,3119
2518375011,3120
2524038967,3121
2524491542,3122
2524491545,3123
2524491546,3124
2526588455,3125
2527647426,3126
2528390291,3127
2531751675,3128
2545163260,3129
2547691572,3130
2547691578,3131
2550235707,3132
2560582838,3133
2571349749,3134
2571387785,3135
2571414404,3136
2571414407,3137
2571414408,3138
2572331233,3139
2573566877,3140
2573890641,3141
2573900712,3142
2573900714,3143
2573914987,3144
2573914988,3145
2574316336,3146
2574328740,3147
2575043203,3148
2575043207,3149
2575043208,3150
2575453851,3151
2575453852,3152
2575710940,3153
2578143039,3154
2579849256,3155
2579849663,3156
2579849694,3157
2579887454,3158
2579887459,3159
2580119526,3160
2580202483,3161
2580665373,3162
2582185254,3163
2584159466,3164
2584267037,3165
2587342344,3166
2587342345,3167
2587860279,3168
2594093097,3169
2594093110,3170
2594093122,3171
2594093270,3172
2594093285,3173
2594476317,3174
2594574405,3175
2599420499,3176
2599429729,3177
2599432325,3178
2599502921,3179
2600133998,3180
2600149034,3181
2601184414,3182
2601316090,3183
2611459344,3184
2611459345,3185
2611459349,3186
2612637894,3187
2619573053,3188
2621941784,3189
2626768458,3190
2626768489,3191
2631571620,3192
2637055830,3193
2696071013,3194
2709822516,3195
2717331107,3196
2717457083,3197
2717457085,3198
2717457087,3199
2717457089,3200
2728669478,3201
2728669833,3202
2728670099,3203
2741858221,3204
2741858243,3205
2741858267,3206
2741960145,3207
2742016786,3208
2743096447,3209
2743096455,3210
2743096457,3211
2743096459,3212
2744200321,3213
2756692709,3214
2758707174,3215
2758707188,3216
2758707189,3217
2758707216,3218
2758707217,3219
2758707219,3220
2760514521,3221
2760514529,3222
2760514538,3223
2760514540,3224
2760514545,3225
2760514547,3226
2772434776,3227
2772443358,3228
2782328049,3229
2785609830,3230
2849080804,3231
2856298995,3232
2856300406,3233
2859529314,3234
2872183072,3235
2881485576,3236
2890714515,3237
2893407057,3238
2916142870,3239
2916142873,3240
2921169134,3241
2921169144,3242
2921813302,3243
2921955093,3244
2921960507,3245
2924123463,3246
2924783955,3247
2932940828,3248
2938603533,3249
2939317460,3250
2939317465,3251
2943331706,3252
2949993278,3253
2964197591,3254
2964197592,3255
2964197616,3256
2964197618,3257
2964203636,3258
2964203642,3259
2972106492,3260
2972106495,3261
2972108593,3262
2972108596,3263
2972113897,3264
2972130245,3265
2980634253,3266
2980634256,3267
2980636553,3268
2985350822,3269
2992146683,3270
2998333696,3271
2998335357,3272
3020333964,3273
3020333966,3274
3036603432,3275
3036606451,3276
3036606452,3277
3036614093,3278
3036640215,3279
3036656602,3280
3036953803,3281
3037180305,3282
3037240466,3283
3037240467,3284
3088799397,3285
3089350229,3286
3089382545,3287
3089564071,3288
3089591309,3289
3105099775,3290
3105099776,3291
3105126088,3292
3109336087,3293
3136420190,3294
3137213832,3295
3150261775,3296
3150484081,3297
3150484089,3298
3150484092,3299
3157674068,3300
3157678714,3301
3168118261,3302
3168118267,3303
3168118270,3304
3170064009,3305
3170812418,3306
3170823999,3307
3170877311,3308
3200721001,3309
3215616565,3310
3215616568,3311
3220009518,3312
3236586470,3313
3236586471,3314
3237737249,3315
3244660555,3316
3244660557,3317
3245425186,3318
3245429409,3319
3245828198,3320
3267034654,3321
3274412313,3322
3274448097,3323
3274808132,3324
3276697073,3325
3304897708,3326
3307348023,3327
3307348043,3328
3307348383,3329
3307348386,3330
3318943782,3331
3318943784,3332
3318943786,3333
3320779433,3334
3320779434,3335
3320779435,3336
3322954222,3337
3334923998,3338
3353497710,3339
3356899185,3340
3362417188,3341
3393492634,3342
3394907067,3343
3394907068,3344
3399657534,3345
3399657535,3346
3415520781,3347
3417789781,3348
3419165938,3349
3419165942,3350
3431817180,3351
3432089762,3352
3455397057,3353
3465537447,3354
3494551686,3355
3507542017,3356
3507542018,3357
3525679643,3358
3531323207,3359
3542320641,3360
3545811332,3361
3551914002,3362
3555406981,3363
3555406984,3364
3599907324,3365
3604378830,3366
3637811034,3367
3637811035,3368
3637811172,3369
3645231381,3370
3645268395,3371
3646660591,3372
3656925583,3373
3657805079,3374
3674884885,3375
3679559144,3376
3679559145,3377
3682702873,3378
3685910370,3379
3700623430,3380
3704616934,3381
3727766329,3382
3740445396,3383
3741594716,3384
3741594717,3385
3741594720,3386
3746354129,3387
3747954341,3388
3748761844,3389
3748836335,3390
3760688281,3391
3760688284,3392
3760688287,3393
3760688290,3394
3780110776,3395
3780110777,3396
3780110779,3397
3802218850,3398
3802288793,3399
3802288794,3400
3802428246,3401
3834013507,3402
3839668158,3403
3839668159,3404
3839783119,3405
3842351073,3406
3842506693,3407
3846451561,3408
3854034151,3409
3860877548,3410
3862580883,3411
3864598522,3412
3869214912,3413
3875307492,3414
3891403031,3415
3891403034,3416
3891437204,3417
3891658477,3418
3897879697,3419
3904068073,3420
3904068077,3421
3907122314,3422
3914281074,3423
3918633255,3424
3920172003,3425
3978537057,3426
3991708295,3427
3991708297,3428
4034405133,3429
4034869549,3430
4036602946,3431
4037945183,3432
4058157214,3433
4079299034,3434
4079299043,3435
4098871779,3436
4128477789,3437
4140698413,3438
4148523263,3439
4189001312,3440
4200981033,3441
4217642232,3442
4222705081,3443
4222705082,3444
4244013710,3445
4281976489,3446
4281976491,3447
4305741919,3448
4311213719,3449
4311216179,3450
4311216182,3451
4324026086,3452
4375277040,3453
4375277041,3454
4375277042,3455
4375277044,3456
4392519569,3457
4392519575,3458
4398218667,3459
4447131092,3460
4447131093,3461
4460512897,3462
4508616979,3463
4510880399,3464
4510880400,3465
4512908712,3466
4525237649,3467
4527155697,3468
4527155698,3469
4527155725,3470
4547007771,3471
4547007773,3472
4547007774,3473
4547939778,3474
4547939781,3475
4549288836,3476
4550884964,3477
4556221803,3478
4561680554,3479
4567186939,3480
4586935111,3481
4586935121,3482
4586935124,3483
4609411770,3484
4609565788,3485
4619030206,3486
4622608647,3487
4623486200,3488
4623486228,3489
4632596610,3490
4633259409,3491
4657289414,3492
4663223763,3493
4694107975,3494
4709020768,3495
4749624201,3496
4755862866,3497
4755898652,3498
4755898664,3499
4778878162,3500
4780722306,3501
4813527557,3502
4881735049,3503
4882322483,3504
4885853864,3505
4890135930,3506
4890563110,3507
4890563114,3508
4890563116,3509
4895476633,3510
4895483490,3511
4909196414,3512
4909196948,3513
4916007203,3514
4916007208,3515
4917540830,3516
4919176148,3517
4932215408,3518
4941502830,3519
4941502831,3520
4953736045,3521
4962714026,3522
5040465952,3523
5064237408,3524
5086837420,3525
5100161216,3526
5100468657,3527
5106172592,3528
5106174292,3529
5137406868,3530
5155899263,3531
5188059314,3532
5189354539,3533
5246836081,3534
5249379161,3535
5256250269,3536
5256382599,3537
5256445151,3538
5256445158,3539
5256445163,3540
5256482921,3541
5256482924,3542
5264397899,3543
5264397906,3544
5264397907,3545
5264485162,3546
5264485169,3547
5293332637,3548
5293332641,3549
5293332642,3550
5294183138,3551
5296661597,3552
5296661605,3553
5298386605,3554
5298386606,3555
5298386607,3556
5326010448,3557
5336896257,3558
5336896260,3559
5364409575,3560
5451166948,3561
5453689981,3562
5499308508,3563
5568292195,3564
5583991521,3565
5603023195,3566
5603023200,3567
5627534172,3568
5759262563,3569
5796994785,3570
5796994787,3571
5796995317,3572
5810627935,3573
5810627937,3574
5811610658,3575
5818014695,3576
5818030609,3577
5818030612,3578
5818030615,3579
5818030616,3580
5818030623,3581
5818030626,3582
5825322441,3583
5835050632,3584
5891699984,3585
5891710857,3586
5891716186,3587
5905892223,3588
5905952887,3589
5905976522,3590
5906075961,3591
5906085901,3592
5911240550,3593
5911300211,3594
5911300266,3595
5911300273,3596
5919924351,3597
5927453357,3598
5928694707,3599
5933567250,3600
5936218737,3601
5936218738,3602
5936218739,3603
5948501606,3604
5968670556,3605
5968670557,3606
5971628483,3607
5995424518,3608
6004767931,3609
6012918409,3610
6027045508,3611
6033910207,3612
6033924910,3613
6081728655,3614
6096388460,3615
6096462502,3616
6116116843,3617
6116132371,3618
6116134945,3619
6116153905,3620
6172746472,3621
6172747190,3622
6203170560,3623
6266937141,3624
6270908845,3625
6297374246,3626
6297389253,3627
6297389254,3628
6297922216,3629
6312513504,3630
6312513508,3631
6312649540,3632
6312649543,3633
6312774603,3634
6314719454,3635
6327873081,3636
6388618595,3637
6416664445,3638
6416664455,3639
6418526799,3640
6501703515,3641
6501703518,3642
6501703521,3643
6501703529,3644
6511444191,3645
6511444192,3646
6518963928,3647
6518963931,3648
6547600150,3649
6595668390,3650
6624930306,3651
6633328945,3652
6649339625,3653
6649339626,3654
6731299216,3655
6731373426,3656
6731373436,3657
6731373439,3658
6788887080,3659
6838389013,3660
6838389025,3661
6871504572,3662
6925505640,3663
6928696061,3664
6928748409,3665
6965682583,3666
6965692691,3667
7001789045,3668
7001856049,3669
7008462627,3670
7008800137,3671
7008800162,3672
7008822278,3673
7022223568,3674
7036597583,3675
7055630477,3676
7059274552,3677
7156283688,3678
7182507740,3679
7187069479,3680
7188882365,3681
7188925337,3682
7190855326,3683
7201111127,3684
7212692629,3685
7222209981,3686
7239096688,3687
7242283758,3688
7260077753,3689
7284867372,3690
7284924788,3691
7358738255,3692
7358738258,3693
7358738262,3694
7360304926,3695
7369019362,3696
7387180853,3697
7409941398,3698
7413593211,3699
7413593240,3700
7413593242,3701
7444124124,3702
7525195555,3703
7597463852,3704
7601672741,3705
7605220277,3706
7611977760,3707
7644099333,3708
7669403437,3709
7699583624,3710
7717830849,3711
7814983887,3712
7814983889,3713
7848714259,3714
7848714264,3715
7854955721,3716
7855076453,3717
7879983983,3718
7944837239,3719
7973167881,3720
7975563962,3721
7975563965,3722
7975563966,3723
7978905412,3724
8017402117,3725
8017405973,3726
8017405974,3727
8017405975,3728
8103939308,3729
8104484578,3730
8119691474,3731
8119691479,3732
8119691483,3733
8119691484,3734
8119691486,3735
8119691487,3736
8119691488,3737
8119691489,3738
8119691491,3739
8119691492,3740
8119691493,3741
8119723603,3742
8119752385,3743
8194104340,3744
8235027002,3745
8235178058,3746
8261707558,3747
8261707561,3748
8277786333,3749
8310313280,3750
8310313284,3751
8310347804,3752
8310935776,3753
8310935781,3754
8320625378,3755
8321395527,3756
8333202711,3757
8341714810,3758
8344736421,3759
8344736424,3760
8344736425,3761
8374443689,3762
8381082749,3763
8382160941,3764
8392164153,3765
8427033504,3766
8454232003,3767
8464063295,3768
8464063303,3769
8464063305,3770
8464063307,3771
8464063309,3772
8464063310,3773
8464119362,3774
8483112482,3775
8483112484,3776
8483112485,3777
8483113521,3778
8483113522,3779
8483113534,3780
8483113547,3781
8483113548,3782
8560206951,3783
8560206955,3784
8560206959,3785
8565628334,3786
8565628337,3787
8645891227,3788
8645891228,3789
8646637560,3790
8665202555,3791
8666766275,3792
8666907656,3793
8666907658,3794
8667048958,3795
8667048959,3796
8670664408,3797
8670664409,3798
8670664412,3799
8670669717,3800
8691789709,3801
8743440098,3802
8843940949,3803
8864793042,3804
8872811519,3805
8872811526,3806
8872908915,3807
8873504654,3808
8887084480,3809
8887084481,3810
8888992608,3811
8938428146,3812
8938497813,3813
8954204720,3814
9013365563,3815
9142633980,3816
9188038386,3817
9188038390,3818
9214627806,3819
9214627807,3820
9223009649,3821
9223009653,3822
9224947987,3823
9224947988,3824
9229593022,3825
9271425447,3826
9271946977,3827
9288976708,3828
9288976709,3829
9289091920,3830
9311424565,3831
9311424566,3832
9312814340,3833
9312814341,3834
9350769536,3835
9357789287,3836
9364441230,3837
9364441254,3838
9364482707,3839
9366077455,3840
9366077457,3841
9366077463,3842
9398079410,3843
9398079411,3844
9399182105,3845
9399182107,3846
9411367089,3847
9416668991,3848
9421494435,3849
9421507754,3850
9421507759,3851
9433429769,3852
9448629822,3853
9460234057,3854
9460234058,3855
9460692333,3856
9492841319,3857
9501704179,3858
9501704180,3859
9501704182,3860
9527306409,3861
9545821898,3862
9545821903,3863
9545821906,3864
9545821907,3865
9545825811,3866
9546093098,3867
9567101346,3868
9598490094,3869
9627156766,3870
9769092816,3871
9769099317,3872
9769099319,3873
9796128209,3874
9815589150,3875
9824965952,3876
9861788546,3877
9863029422,3878
9879532216,3879
9879585868,3880
9915204414,3881
9915204416,3882
9915209318,3883
9915240946,3884
9921466186,3885
9933937912,3886
9972902214,3887
10016664704,3888
10059483893,3889
10062245202,3890
10062261171,3891
10107266782,3892
10128639304,3893
10128639306,3894
10128639307,3895
10144746834,3896
10197988723,3897
10223026012,3898
10223026013,3899
10252894981,3900
10266960583,3901
10294109705,3902
10294109706,3903
10294114224,3904
10298109172,3905
10436720829,3906
10436720837,3907
10540078392,3908
10559862253,3909
10559862260,3910
10559862261,3911
10566226727,3912
10566226728,3913
10604827638,3914
10635743752,3915
10700513898,3916
10700513899,3917
10744394329,3918
10765636843,3919
10765636845,3920
10773760539,3921
10776923045,3922
10776923046,3923
10780591762,3924
10780591763,3925
10780591765,3926
10780591769,3927
10795148367,3928
10796669976,3929
10824430045,3930
10857437453,3931
10857437461,3932
10857437462,3933
10857437468,3934
10870379799,3935
10870394512,3936
10870394513,3937
10870545826,3938
10870545827,3939
10877100286,3940
10879529436,3941
10882591542,3942
10886589027,3943
10945181794,3944
10945181796,3945
10945181800,3946
10945181801,3947
10945181802,3948
10945182232,3949
10960481026,3950
10969939313,3951
10983623523,3952
11038698491,3953
11038736846,3954
11038736888,3955
11038736891,3956
11038736892,3957
11038736896,3958
11052745313,3959
11052745315,3960
11052745334,3961
11052745335,3962
11052745337,3963
11056872397,3964
11056872399,3965
11108770134,3966
11108770144,3967
11108823035,3968
11108824988,3969
11187709866,3970
11187709867,3971
11227886326,3972
11279023440,3973
11289369680,3974
11289369682,3975
11290168284,3976
11331476715,3977
11342981719,3978
11350426445,3979
11350661378,3980
11352244776,3981
11353713123,3982
11363107944,3983
11371809676,3984
11425555039,3985
11425555059,3986
11425573569,3987
11463521265,3988
11510237139,3989
11556645446,3990
11557070530,3991
11557070532,3992
11557142089,3993
11577877787,3994
11577877790,3995
11581466333,3996
11581471129,3997
11635026993,3998
11737522015,3999
11769720805,4000
11801470863,4001
11847383438,4002
11865259009,4003
11879371944,4004
11880601752,4005
11929086967,4006
11929086968,4007
11929102773,4008
11947842396,4009
11947842399,4010
11947842402,4011
11947849620,4012
11948006095,4013
11948006103,4014
11948258349,4015
11963644557,4016
11963644563,4017
11963644565,4018
11973720709,4019
11973720711,4020
11985247128,4021
11999742613,4022
11999742614,4023
11999742616,4024
12000826932,4025
12000830427,4026
12001590966,4027
12001590967,4028
12001607050,4029
12002447504,4030
12002447507,4031
12020331758,4032
12020437887,4033
12050611852,4034
12050611855,4035
12060642632,4036
12075812150,4037
12094849167,4038
12094849168,4039
12094849169,4040
12094849174,4041
12094849175,4042
12094849177,4043
12141355427,4044
12155623919,4045
12157286628,4046
12232867361,4047
12246189001,4048
12246189002,4049
12246189004,4050
12258600465,4051
12279508576,4052
12319427430,4053
12319427431,4054
12323858286,4055
12331583913,4056
12331583921,4057
12338027657,4058
12343195265,4059
12422579079,4060
12422579096,4061
12505425368,4062
12628028580,4063
12628063592,4064
12628065414,4065
12628083476,4066
12639186462,4067
12663252724,4068
12697473586,4069
12734392937,4070
12749413068,4071
12749413070,4072
12749413071,4073
12749413072,4074
12749413075,4075
12777125870,4076
12777786857,4077
12777796316,4078
12777796317,4079
12777796320,4080
12777796322,4081
12777796323,4082
12790510384,4083
12800950296,4084
12800950297,4085
12839261785,4086
12847679248,4087
12847679254,4088
12847679255,4089
12847755006,4090
12847755009,4091
12847794031,4092
12898445477,4093
12901357163,4094
12901380580,4095
12902347398,4096
12906110900,4097
12908838876,4098
12945813755,4099
12948684375,4100
12971367092,4101
12978660130,4102
12980192315,4103
12980221031,4104
12980221036,4105
12980236953,4106
12980236965,4107
12997660668,4108
13008680770,4109
13030497480,4110
13034668710,4111
13034668712,4112
13068077853,4113
13069648842,4114
13078548923,4115
13107901798,4116
13115206886,4117
13118723935,4118
13118723938,4119
13118729827,4120
13118729828,4121
13140970057,4122
13140970058,4123
13140970068,4124
13140970069,4125
13146841250,4126
13148128649,4127
13148172017,4128
13148172022,4129
13148172023,4130
13148172024,4131
13148368687,4132
13152277935,4133
13152615299,4134
13152625801,4135
13161569645,4136
13161569654,4137
13164974918,4138
13164974920,4139
13165964170,4140
13174146750,4141
13174833578,4142
13174833579,4143
13174837778,4144
13205434901,4145
13205611876,4146
13206775688,4147
13206790803,4148
13206790804,4149
13206790817,4150
13264546321,4151
13264546332,4152
13264546394,4153
13264546398,4154
13264547528,4155
13264550279,4156
13265870290,4157
13272167154,4158
13272220378,4159
13272220383,4160
13272225305,4161
13279339701,4162
13279770119,4163
13279770122,4164
13296035245,4165
13296035246,4166
13316351661,4167
13316351694,4168
13338106141,4169
13338136082,4170
13341408352,4171
13348052860,4172
13375907953,4173
13411393583,4174
13411393590,4175
13417707069,4176
13417707076,4177
13417707077,4178
13417707083,4179
13417707084,4180
13418993219,4181
13418993220,4182
13418993229,4183
13418993237,4184
13418993239,4185
13418993247,4186
13418993257,4187
13418993261,4188
13418993269,4189
13418993270,4190
13418993274,4191
13418993279,4192
13418993282,4193
13418993288,4194
13418993292,4195
13418993296,4196
13419003803,4197
13419003817,4198
13419003824,4199
13419003831,4200
13419003836,4201
13419003844,4202
13419003850,4203
13419003868,4204
13421712086,4205
13421712088,4206
13421712099,4207
13424123407,4208
13424123414,4209
13424123423,4210
13424123425,4211
13424123458,4212
13424123460,4213
13424340342,4214
13424340345,4215
13424340347,4216
13424340350,4217
13424340352,4218
13424340354,4219
13424340362,4220
13424345124,4221
13424345127,4222
13424345130,4223
13424345133,4224
13424345136,4225
13424345139,4226
13424345145,4227
13424345147,4228
13424345149,4229
13435881082,4230
13446917266,4231
13446917273,4232
13514083533,4233
13514123382,4234
13536996279,4235
13536996280,4236
13536996281,4237
13536996288,4238
13536996289,4239
13536996292,4240
13536996293,4241
13538806719,4242
13543242256,4243
13543242258,4244
13543242266,4245
13543242271,4246
